variavel,dof,chi2,p,cramer_v
UsoPredominante,27,37955.553170426196,0.0,0.17520761395778983
CristalizacaoPredominante,15,24173.914188882514,0.0,0.13983263539085003
